Date,Predicted_Value,Lower_90,Upper_90
2020-12-17,2700.6979541528417,2111.8223236985327,3218.674804754277
2020-12-18,2762.721463688424,2173.845833234115,3280.6983142898594
2020-12-19,2872.4769707335986,2283.6013402792896,3390.453821335034
2020-12-20,2917.8729120386975,2328.9972815843885,3435.8497626401327
2020-12-21,2907.4156801070826,2318.5400496527736,3425.392530708518
2020-12-22,2960.2420169766256,2371.3663865223166,3478.218867578061
2020-12-23,2939.1277670412856,2350.2521365869766,3457.1046176427208
2020-12-24,2984.18100374864,2395.305373294331,3502.157854350075
2020-12-25,2974.471485212611,2385.595854758302,3492.448335814046
2020-12-26,2985.8337718465514,2396.9581413922424,3503.8106224479866
2020-12-27,2987.6249107014514,2398.7492802471425,3505.6017613028866
2020-12-28,3023.103841105653,2434.228210651344,3541.080691707088
2020-12-29,3024.893040906959,2436.01741045265,3542.869891508394
2020-12-30,2955.792349178656,2366.916718724347,3473.769199780091
2020-12-31,2959.447133506585,2370.571503052276,3477.4239841080202
2021-01-01,3164.474080620022,2575.598450165713,3682.4509312214573
2021-01-02,3216.2231851034603,2627.3475546491513,3734.2000357048955
2021-01-03,3277.7931402756685,2688.9175098213595,3795.7699908771037
2021-01-04,3275.180384293948,2686.304753839639,3793.157234895383
2021-01-05,3334.080521556684,2745.204891102375,3852.057372158119
2021-01-06,3356.9530958714768,2768.077465417168,3874.929946472912
2021-01-07,3343.0048610653294,2754.1292306110204,3860.9817116667646
2021-01-08,3342.728591466342,2753.852961012033,3860.7054420677773
2021-01-09,3326.254790214155,2737.379159759846,3844.2316408155903
2021-01-10,3312.477808105575,2723.602177651266,3830.4546587070104
2021-01-11,3299.5302394611795,2710.6546090068705,3817.5070900626147
2021-01-12,3267.01993733901,2678.144306884701,3784.9967879404453
2021-01-13,3257.8118631539855,2668.9362326996766,3775.7887137554208
2021-01-14,3334.043470701957,2745.167840247648,3852.0203213033924
2021-01-15,3226.327029759975,2637.451399305666,3744.3038803614104
